path,bytes,sha256
.gitignore,341,a2ccbbe1129c2f15458c5f4727d434528079f293df192b0e6670a84ef8749348
README.md,3895,d3a063b50c6cc1d20bea2b897af5c49349d80aa70c3f09847f86d04e6c8f9bfb
archive/README.md,1119,c3e5bd21a418657cb3577205a6099675a058a1e7da2bd8d89afac30c3b79ffb9
archive/hprc_code_snapshot/WUS_1km_gwrf_pilot_2026-04-24/gwrf_related_pilot_C_EVTproxy_postclim_k16_2026-04-24/report.md,2043,dcf8843570e7935ab15a02537ed796890d0fe619afb4ec46dba079c17457f62e
archive/hprc_code_snapshot/WUS_1km_gwrf_pilot_2026-04-24/gwrf_related_pilot_C_EVTproxy_postclim_k32_2026-04-24/report.md,2048,006b4c886f0f42a515d6c7eed30207a330aa7d068125811e1bf7a1cfb407a005
archive/hprc_code_snapshot/WUS_1km_gwrf_pilot_2026-04-24/gwrf_related_pilot_C_EVTproxy_postclim_k8_2026-04-24/report.md,2033,c0371e4a9cce3873e975345d6e8d1d8ef61ea73528e5331e6a4da31f5c77ac8d
archive/hprc_code_snapshot/WUS_1km_gwrf_pilot_2026-04-24/gwrf_related_pilot_E_EVT_fireregime_postclim_k16_2026-04-24/report.md,2077,c310f82e2519b2653da839d72e385ab8a938410ae5f975ae1775769bda6cba03
archive/hprc_code_snapshot/WUS_1km_gwrf_pilot_2026-04-24/gwrf_related_pilot_E_EVT_fireregime_postclim_k32_2026-04-24/report.md,2082,3be3f12d945278f14115f4cbf5e891f1ff6cf2632c5c5b135300452f0b93755e
archive/hprc_code_snapshot/WUS_1km_gwrf_pilot_2026-04-24/gwrf_related_pilot_E_EVT_fireregime_postclim_k8_2026-04-24/report.md,2067,cfb455638d93621c5b38b5862b6719e54e72668755aeaf63652d5f647ee63d66
archive/hprc_code_snapshot/WUS_1km_gwrf_pilot_2026-04-24/localrf_v2_E_EVT_fireregime_postclim_2026-04-25_213416/report.md,1261,159e94623f3705c074d1bc7472a517bde1b370d407d5d975ca60fc52afc70200
archive/hprc_code_snapshot/WUS_1km_gwrf_pilot_2026-04-24/mgrf_pilot_2026-04-25/report.md,333,dd1abe0324845265e9ca43ef66851251738bab2fbc381301c574451953af41d3
archive/hprc_code_snapshot/WUS_1km_gwrf_pilot_2026-04-24/rf_regime_comparison_2026-04-24/report.md,352,ffbebc22f45b0ea33f6bfbc511b65d7a9997f8c7b3a66b3af6d505c2bca15b1f
archive/hprc_code_snapshot/WUS_1km_gwrf_pilot_2026-04-24/run_rf_regime_comparison.py,9160,a17cf1adc877f1037022bc2ce9c4d03fdb49aec6ed1064c48c65c6bc566be7a6
archive/hprc_code_snapshot/WUS_1km_gwrf_pilot_2026-04-24/run_westernus_gwrf_multiscale.py,10537,9e534961415e279a8d24eb7a535aa82ab82368d0f69bba9b6ad6979deb586aa2
archive/hprc_code_snapshot/WUS_1km_gwrf_pilot_2026-04-24/run_westernus_gwrf_related_pilot.py,17803,859807ab05ef9eb6e46fafb032e3d91d3f32b7434a20b8d3e57001f7265f4ace
archive/hprc_code_snapshot/WUS_1km_gwrf_pilot_2026-04-24/run_westernus_multiscale_local_rf_v2.py,16488,980def6acb25bd5caf02559cb5d2c543d1d99d31b93c02174e6b933e26bc18cd
archive/hprc_code_snapshot/WUS_1km_gwrf_pilot_2026-04-24/submit_rf_regime_comparison.sbatch,859,c4bb5c2bdb225919bccd5be35a72ad7f7ab80d51b24101f4e39a50eb55d8a7a0
archive/hprc_code_snapshot/WUS_1km_gwrf_pilot_2026-04-24/submit_westernus_gwrf_multiscale.sbatch,812,925295474721b8f91d6cbf88eba13605542e0ca94c6ef40da4b6567979e93506
archive/hprc_code_snapshot/WUS_1km_gwrf_pilot_2026-04-24/submit_westernus_gwrf_related_pilot.sbatch,1313,d596004354bc63d4d4d006e55af07c68e75763694ce7c647fb57c7540aba6c0b
archive/hprc_code_snapshot/WUS_1km_gwrf_pilot_2026-04-24/submit_westernus_multiscale_local_rf_v2.sbatch,1351,8b360b3a194aaccdeceed9d53140b595963d120cbff3f3f5dee351343b714def
archive/hprc_code_snapshot/WUS_1km_latent_pca_2026-04-24/latent_regime_pca_fixed_8pcs_2026-04-24/report.md,1088,42f47abcb81850e884c0b70378b9e3a9e0f831b7875d0bb5893b485159fa2a40
archive/hprc_code_snapshot/WUS_1km_latent_pca_2026-04-24/latent_regime_pca_var90_8pcs_2026-04-24/report.md,1249,b9a038c9dd7a2294350a5fd4dea6e8f08a3c0d4962d588024bae1aa6601edf65
archive/hprc_code_snapshot/WUS_1km_latent_pca_2026-04-24/plot_regime_map.py,1495,596c9079f75483509e788ae05951295cf1f21ab1185415b84e113ed7462b8014
archive/hprc_code_snapshot/WUS_1km_latent_pca_2026-04-24/run_westernus_latent_regime_pca.py,10461,fbd71f33489140847c5984d1abc87a2857d5ae5bcb2608639811797ff767923b
archive/hprc_code_snapshot/WUS_1km_latent_pca_2026-04-24/submit_westernus_latent_regime_pca.sbatch,1014,18264c9ab24fb2da53636954a5c36a49e59237f77f4ed576f22e2fe718fbee6b
archive/hprc_code_snapshot/WUS_1km_svc_gam_2026-04-27/r_libs/Matrix/doc/SuiteSparse/AMD/Doc/License.txt,1923,e50fdd9a587f4860ce1d503b94576bfff47bccc421f758d1bdc8706c8cd36108
archive/hprc_code_snapshot/WUS_1km_svc_gam_2026-04-27/r_libs/Matrix/doc/SuiteSparse/AMD/README.txt,7069,204cd45923e26094beb3c4604abf40e923a057ee8679c5fbf73e072e551f2a20
archive/hprc_code_snapshot/WUS_1km_svc_gam_2026-04-27/r_libs/Matrix/doc/SuiteSparse/CAMD/Doc/License.txt,2003,2d1e5ff021e18fa4fb40ea78dc760ff2138860534ef537c4d6148573f89fe1f3
archive/hprc_code_snapshot/WUS_1km_svc_gam_2026-04-27/r_libs/Matrix/doc/SuiteSparse/CAMD/README.txt,6566,830212b155f4fd2844d5b79b07268c2e775db1ccb8d8cd69db198abd4f088827
archive/hprc_code_snapshot/WUS_1km_svc_gam_2026-04-27/r_libs/Matrix/doc/SuiteSparse/CCOLAMD/Doc/License.txt,2005,27e1fb1934109aec52982bea8cda801e3791c683690c2eb0c089c496ba394ac6
archive/hprc_code_snapshot/WUS_1km_svc_gam_2026-04-27/r_libs/Matrix/doc/SuiteSparse/CCOLAMD/README.txt,5562,6caab75c0f938ad9bb6d70460e266f60676f2c8829d35907705c9b92656f5600
archive/hprc_code_snapshot/WUS_1km_svc_gam_2026-04-27/r_libs/Matrix/doc/SuiteSparse/CHOLMOD/Doc/License.txt,13065,df1b7892c3aaf967f516cf696be883b23bdb4e49ec4993ebae07542429269339
archive/hprc_code_snapshot/WUS_1km_svc_gam_2026-04-27/r_libs/Matrix/doc/SuiteSparse/CHOLMOD/README.txt,2433,66c0ca69f2d54638a68fae49628eb3adb03beb8d3cae4f2703a410f3e671a742
archive/hprc_code_snapshot/WUS_1km_svc_gam_2026-04-27/r_libs/Matrix/doc/SuiteSparse/CHOLMOD/SuiteSparse_metis/LICENSE.txt,641,64ab947d7b289ad76e935adff51b31e4ac160df7dfad24480dbaa452e39bbe79
archive/hprc_code_snapshot/WUS_1km_svc_gam_2026-04-27/r_libs/Matrix/doc/SuiteSparse/CHOLMOD/SuiteSparse_metis/README.txt,2176,c36e76f5bb492bdc0716a39c8efa0c8fc59334d037af2e0204df5c7a7ee3bb14
archive/hprc_code_snapshot/WUS_1km_svc_gam_2026-04-27/r_libs/Matrix/doc/SuiteSparse/COLAMD/Doc/License.txt,1792,0e92b7bb3e216b8a4d1357b3d828043a4f758f762b2abc30b3440cf78063f80f
archive/hprc_code_snapshot/WUS_1km_svc_gam_2026-04-27/r_libs/Matrix/doc/SuiteSparse/COLAMD/README.txt,5483,710e6a931f8ce30f8414030484953263c9bbdcae3d15802f2764b74d2a4adff5
archive/hprc_code_snapshot/WUS_1km_svc_gam_2026-04-27/r_libs/Matrix/doc/SuiteSparse/CXSparse/Doc/License.txt,893,bb81587970b15230b20b99cab086a59ddc83ee67d7b583b9d2643557a4e3dcc0
archive/hprc_code_snapshot/WUS_1km_svc_gam_2026-04-27/r_libs/Matrix/doc/SuiteSparse/CXSparse/README.txt,22968,4c8d7763a51d82c2cf5076014b935ef2455c5830ada715b3474c20ef9db13554
archive/hprc_code_snapshot/WUS_1km_svc_gam_2026-04-27/r_libs/Matrix/doc/SuiteSparse/LICENSE.txt,54791,8a1a423e01f2c27e0b6e182236962cf42a28a4048c4ec4f7f40dc5cf0424b8d3
archive/hprc_code_snapshot/WUS_1km_svc_gam_2026-04-27/r_libs/Matrix/doc/SuiteSparse/README.md,42528,0e71ceb976d591d3935fd6f05afa5ac7ab767da9a1db03c8cd5a4389ff9d4647
archive/hprc_code_snapshot/WUS_1km_svc_gam_2026-04-27/r_libs/Matrix/doc/SuiteSparse/SuiteSparse_config/README.txt,3640,c66c35abc0b65ea79744b30a83b87490e8304f76f4945c14dcd02d311163608f
archive/hprc_code_snapshot/WUS_1km_svc_gam_2026-04-27/r_libs/Matrix/scripts/disclaimer.txt,561,06c3941e82f5f5ddc2521d619e12d5cfd8ca6a96d2d0550764875207329b613c
archive/hprc_code_snapshot/WUS_1km_svc_gam_2026-04-27/r_libs/lattice/NEWS.md,37034,d8d9a51da33480821987055bc23e85bf0944c674100ad8bc7e15586c553874dd
archive/hprc_code_snapshot/WUS_1km_svc_gam_2026-04-27/submit_svc_gam_stepwise.sbatch,678,2c126dcc48206cca42e1c15e1c157d4bf31944567ea817eb09dba1b80ef3a1e6
archive/hprc_code_snapshot/WUS_1km_svc_gam_2026-04-27/submit_westernus_svc_gam.sbatch,1192,0eb6999c24cd5d2e5bd67695dda637204f1a94f83ffec7eb0fe6ddccfbfe3fc7
archive/hprc_code_snapshot/WUS_1km_svc_gam_2026-04-27/svc_gam_outputs_stage5b_full/svc_gam_report.md,1195,85c55b2283095db1f51a9ba54594f1d38cecf6fa59043eed145f246c1295414b
archive/hprc_code_snapshot/WUS_1km_svc_gam_2026-04-27/svc_gam_outputs_stage5b_full/svc_gam_summary.txt,2698,c40e34188f6aff35b80eb25c131f4015d503bb5081edf3d41177bbee66b01339
archive/hprc_code_snapshot/WUS_1km_svc_gam_2026-04-27/svc_gam_selective/svc_gam_report.md,1044,e20bff29b90a50b6e39e2e6619555ad8b0ecf9e84df4d14772487952942b59ed
archive/hprc_code_snapshot/WUS_1km_svc_gam_2026-04-27/svc_gam_selective/svc_gam_summary.txt,2130,e84f3a5c6afc817e93b252a7c1a875657b47c77f0574ee0a8bcfaaf721b2d580
archive/hprc_code_snapshot/WUS_1km_svc_gam_2026-04-27/svc_gam_simple/svc_gam_summary.txt,1848,e6a83559da2bd825e30de17a8b52b1d16782d33e55bb045116a9d42348b0ab60
archive/hprc_code_snapshot/block_transfer_exp_v1_2026-04-28/run_block_transfer_exp_v1.py,14122,ebe1d442d78b1bf7daa19923cc74bddcfc43c67b2ce3d573cdd168e9a93dec5e
archive/hprc_code_snapshot/grouped_gwr_hprc_run/input/predictors_A_TCC_CBH.txt,79,16a6f19432b1658a3d759417476179326aff0589cb6d22ff6c1c20d02b0357fe
archive/hprc_code_snapshot/grouped_gwr_hprc_run/input/predictors_A_TCC_CBH_fullSAF.txt,335,361ae341e5aa66603cd0eb69c0c381fb4fdf4f34f7c47eda5f64428cda46363d
archive/hprc_code_snapshot/grouped_gwr_hprc_run/input/predictors_A_TCC_CBH_grouped_EVT.txt,197,859e686354e53549805d73278d7813398ad58f0e4657469796e69f25a09a4559
archive/hprc_code_snapshot/grouped_gwr_hprc_run/input/predictors_A_TCC_CBH_imperv.txt,100,0f819dd22c4bc3ee419da19b911e65bc883b71e3a1f21220c78afd5e3521ee8a
archive/hprc_code_snapshot/grouped_gwr_hprc_run/input/predictors_A_TCC_CBH_pop.txt,105,bb8d8ecb4c1bbc718383ea781d1aa7d84ad35dac7c2985ed87caec3b1935b237
archive/hprc_code_snapshot/grouped_gwr_hprc_run/input/predictors_A_TCC_CBH_viirs.txt,103,6aa6762216f2e7b365af8182e600c914ddd37a148cdf4a212c78107a92a8436e
archive/hprc_code_snapshot/grouped_gwr_hprc_run/input/predictors_A_fullSAF.txt,308,39f98095d8117fa1d33bc82dc781c529584f0c01499b8dfa1da7fa2ff89cfede
archive/hprc_code_snapshot/grouped_gwr_hprc_run/input/predictors_A_plus_CBH.txt,67,bf534a123581aaab45c77d92e1c23ebc7fd804c363aba24616730e48369b4ef8
archive/hprc_code_snapshot/grouped_gwr_hprc_run/input/predictors_A_plus_EVT.txt,82,69cd8d23d9fff04416fc8ac7b12cda0fdb9162e05932161de58797b0737f3bba
archive/hprc_code_snapshot/grouped_gwr_hprc_run/input/predictors_A_plus_TCC.txt,64,da416242a1969c309e6ef818e39ad3bd05d59328f58c8a6308caca7ca97ad2d8
archive/hprc_code_snapshot/grouped_gwr_hprc_run/input/predictors_A_plus_grouped_EVT.txt,170,bbb30c5298ef5c59835d81d1036cadbbef0a2849298fcce92c32de69c2819e06
archive/hprc_code_snapshot/grouped_gwr_hprc_run/input/predictors_A_topo_soil.txt,82,444f8d92db59883d4c84203c3836ec7bffcb9315dd434934ed9718948ce57295
archive/hprc_code_snapshot/grouped_gwr_hprc_run/input/predictors_B_topo_soil_plus_forest.txt,151,aee913f654c2f93a81a8ee6ef471be44831c444664d081886d9f7f658a7c234c
archive/hprc_code_snapshot/grouped_gwr_hprc_run/input/predictors_allin_noEVT.txt,271,4411fc400d99f663ba5bfcfd9fd1f7d7f7e805b8e8f32f04206989a304a92937
archive/hprc_code_snapshot/grouped_gwr_hprc_run/input/predictors_base_plus_eto.txt,124,9f9859d9ed27a5096cfbf8d92ff24c76f6c4aecd2604ea19a0e4fdd98579e955
archive/hprc_code_snapshot/grouped_gwr_hprc_run/input/predictors_base_plus_hotdays.txt,129,8fc93ea19f6af160b31e5f1f3db6671a69cbb7b7c27be45054db295be385198c
archive/hprc_code_snapshot/grouped_gwr_hprc_run/input/predictors_base_plus_tmmxstd.txt,125,56add2b821bbf1f14b5c7b331cebec342cc724599aea63c78d5ea6c77d70763a
archive/hprc_code_snapshot/grouped_gwr_hprc_run/input/predictors_clim_batch1_eto.txt,118,1b36d156ce44be99f7ed1377a75df04f19d61016d7fc1bcae35f5a4152424c9e
archive/hprc_code_snapshot/grouped_gwr_hprc_run/input/predictors_clim_batch1_hotdays.txt,123,ac4383e695e2ef4781a71a29dbfb82559169c9c242a33d54b2ba6fec44e98a96
archive/hprc_code_snapshot/grouped_gwr_hprc_run/input/predictors_clim_batch1_tmmn.txt,120,59a6cc5dd1ae667a463e127f0ff14bcdbccb92e3f9a647cc68a3ad0ae364f2ce
archive/hprc_code_snapshot/grouped_gwr_hprc_run/input/predictors_combo_pop_tmmx_eto.txt,144,ed34d87551fa684f2daff72bf05bfcbcfdd6046eaf38f43d698d53db6a381930
archive/hprc_code_snapshot/grouped_gwr_hprc_run/input/predictors_combo_pop_tmmx_tmmn.txt,146,59d4fcb3d7c0fcddc793e1906fed29df7f579bbcd747c65bcc880034b4855920
archive/hprc_code_snapshot/grouped_gwr_hprc_run/input/predictors_combo_pop_tmmx_tmmn_viirs.txt,170,467d6c3e96fe7d029772534ab55dd2578e458612555fbe11b18d31e765af070e
archive/hprc_code_snapshot/grouped_gwr_hprc_run/input/predictors_formal_GWR_best8.txt,125,56add2b821bbf1f14b5c7b331cebec342cc724599aea63c78d5ea6c77d70763a
archive/hprc_code_snapshot/grouped_gwr_hprc_run/input/predictors_mgwr_allin_noEVT.txt,271,4411fc400d99f663ba5bfcfd9fd1f7d7f7e805b8e8f32f04206989a304a92937
archive/hprc_code_snapshot/grouped_gwr_hprc_run/input/predictors_mgwr_best10.txt,170,467d6c3e96fe7d029772534ab55dd2578e458612555fbe11b18d31e765af070e
archive/hprc_code_snapshot/grouped_gwr_hprc_run/input/predictors_mgwr_best8.txt,125,56add2b821bbf1f14b5c7b331cebec342cc724599aea63c78d5ea6c77d70763a
archive/hprc_code_snapshot/gwr_mgwr_corrected_noevt15_package_20260412/HPRC_submission_steps.md,2817,d0f9d70e970da397bcbfabaf2b0d6a522082b4d6fda67627604f58ab6ef3062a
archive/hprc_code_snapshot/gwr_mgwr_corrected_noevt15_package_20260412/build_corrected_noevt15_gwr_mgwr_package.py,6128,5b3e4b6e33484aad9e322c22cf0f5a166377bd8b247b4c7b4e098404e970a4d2
archive/hprc_code_snapshot/gwr_mgwr_corrected_noevt15_package_20260412/gwr_local_sanity_20260412/gwr_summary.txt,4,dc937b59892604f5a86ac96936cd7ff09e25f18ae6b758e8014a24c7fa039e91
archive/hprc_code_snapshot/gwr_mgwr_corrected_noevt15_package_20260412/gwr_outputs_stage1_topo_soil_4/gwr_summary.txt,4,dc937b59892604f5a86ac96936cd7ff09e25f18ae6b758e8014a24c7fa039e91
archive/hprc_code_snapshot/gwr_mgwr_corrected_noevt15_package_20260412/gwr_outputs_stage2_topo_forest_6/gwr_summary.txt,4,dc937b59892604f5a86ac96936cd7ff09e25f18ae6b758e8014a24c7fa039e91
archive/hprc_code_snapshot/gwr_mgwr_corrected_noevt15_package_20260412/gwr_outputs_stage3_human_core_9/gwr_summary.txt,4,dc937b59892604f5a86ac96936cd7ff09e25f18ae6b758e8014a24c7fa039e91
archive/hprc_code_snapshot/gwr_mgwr_corrected_noevt15_package_20260412/gwr_outputs_stage4_no_climate_11/gwr_summary.txt,4,dc937b59892604f5a86ac96936cd7ff09e25f18ae6b758e8014a24c7fa039e91
archive/hprc_code_snapshot/gwr_mgwr_corrected_noevt15_package_20260412/gwr_outputs_stage5_full_15/gwr_summary.txt,4,dc937b59892604f5a86ac96936cd7ff09e25f18ae6b758e8014a24c7fa039e91
archive/hprc_code_snapshot/gwr_mgwr_corrected_noevt15_package_20260412/mgwr_outputs_stage2_topo_forest_6_s12k/mgwr_summary.txt,4,dc937b59892604f5a86ac96936cd7ff09e25f18ae6b758e8014a24c7fa039e91
archive/hprc_code_snapshot/gwr_mgwr_corrected_noevt15_package_20260412/mgwr_outputs_stage3_human_core_9_s12k/mgwr_summary.txt,4,dc937b59892604f5a86ac96936cd7ff09e25f18ae6b758e8014a24c7fa039e91
archive/hprc_code_snapshot/gwr_mgwr_corrected_noevt15_package_20260412/mgwr_outputs_stage4_no_climate_11_s12k/mgwr_summary.txt,4,dc937b59892604f5a86ac96936cd7ff09e25f18ae6b758e8014a24c7fa039e91
archive/hprc_code_snapshot/gwr_mgwr_corrected_noevt15_package_20260412/mgwr_outputs_stage5_full_15_s12k/mgwr_summary.txt,4,dc937b59892604f5a86ac96936cd7ff09e25f18ae6b758e8014a24c7fa039e91
archive/hprc_code_snapshot/gwr_mgwr_corrected_noevt15_package_20260412/mgwr_outputs_stage5a_reduced_pr_hotdays_11_s12k/mgwr_summary.txt,4,dc937b59892604f5a86ac96936cd7ff09e25f18ae6b758e8014a24c7fa039e91
archive/hprc_code_snapshot/gwr_mgwr_corrected_noevt15_package_20260412/mgwr_outputs_stage5b_reduced_pr_tmmn_11_s12k/mgwr_summary.txt,4,dc937b59892604f5a86ac96936cd7ff09e25f18ae6b758e8014a24c7fa039e91
archive/hprc_code_snapshot/gwr_mgwr_corrected_noevt15_package_20260412/mgwr_outputs_stage5c_reduced_pr_tmmxstd_11_s12k/mgwr_summary.txt,4,dc937b59892604f5a86ac96936cd7ff09e25f18ae6b758e8014a24c7fa039e91
archive/hprc_code_snapshot/gwr_mgwr_corrected_noevt15_package_20260412/package_build_report.md,1475,d92a2b09a6caa814e28efeace398f91dbb8b18fc4b1bf7a984f2300d962789c4
archive/hprc_code_snapshot/gwr_mgwr_corrected_noevt15_package_20260412/plot_mgwr_coef_maps.py,2688,086434ca54ffb522f3015bb74280bbe6a77a6de749d074efc3629dbdd0b08845
archive/hprc_code_snapshot/gwr_mgwr_corrected_noevt15_package_20260412/plot_stage5b.py,3195,3827642f53e5fb31374a6b49ba4d75090f98e52834b21e52201ada0f4cd77f56
archive/hprc_code_snapshot/gwr_mgwr_corrected_noevt15_package_20260412/predictors_no_human_10.txt,225,9eb97cc62e7e7ef5d5a74eb65c6b07f4720d84b82ee1e837dbeb6943b0b88ee6
archive/hprc_code_snapshot/gwr_mgwr_corrected_noevt15_package_20260412/predictors_noevt15_inferred_from_reports.txt,479,4925b5b44f41ca042f702a2b266caff06ddfd385132e3511404167a206fe26d8
archive/hprc_code_snapshot/gwr_mgwr_corrected_noevt15_package_20260412/predictors_stage1_topo_soil_4.txt,78,e9343cec79e253d25225077a38015255082c93552e583cd5f374e562d6433a32
archive/hprc_code_snapshot/gwr_mgwr_corrected_noevt15_package_20260412/predictors_stage2_topo_soil_forest_6.txt,105,44930580b77991723201ce1381450723d3f8ffbe1b6750e598535d9bfe8e6017
archive/hprc_code_snapshot/gwr_mgwr_corrected_noevt15_package_20260412/predictors_stage3_plus_human_core_9.txt,176,df51ebb29695451d8d825cc467bfd44db5fd6f786faff89a1bed27f05afb1ee8
archive/hprc_code_snapshot/gwr_mgwr_corrected_noevt15_package_20260412/predictors_stage4_plus_access_11.txt,218,b9dc4eb19d0591a1f7de4ee4a4b1090bdb8b3ad8f9f7c3e8f19624d6fc291406
archive/hprc_code_snapshot/gwr_mgwr_corrected_noevt15_package_20260412/predictors_stage5_plus_climate_15.txt,301,d699eae58017dba4c43e2dc569be5e58216133d66f64447b03e9b1909afa2d30
archive/hprc_code_snapshot/gwr_mgwr_corrected_noevt15_package_20260412/predictors_stage5a_reduced_pr_hotdays_11.txt,205,2359c5d674ec068c23e783bb3f0810e59d46bad19727e28a2ded042e2b764a00
archive/hprc_code_snapshot/gwr_mgwr_corrected_noevt15_package_20260412/predictors_stage5b_plus_pr_tmmn_11.txt,202,4e5076c464ff567a45603083fda417d1c9bc70f28e558c86662cf116bdec49d0
archive/hprc_code_snapshot/gwr_mgwr_corrected_noevt15_package_20260412/predictors_stage5b_reduced_pr_tmmn_11.txt,202,4e5076c464ff567a45603083fda417d1c9bc70f28e558c86662cf116bdec49d0
archive/hprc_code_snapshot/gwr_mgwr_corrected_noevt15_package_20260412/predictors_stage5c_reduced_pr_tmmxstd_11.txt,201,e4c8f78eb6916a63b06e7f5ebfab96fb2ee352e1fa7ffb4ff366bdda2cf03eb2
archive/hprc_code_snapshot/gwr_mgwr_corrected_noevt15_package_20260412/run_gwr_corrected_noevt15.py,4444,8b701441c2d8f697c050f7ddc3885cb5838587309011ab3bc5f537f2631fd40f
archive/hprc_code_snapshot/gwr_mgwr_corrected_noevt15_package_20260412/run_mgwr_corrected_noevt15.py,4671,8acbf4b480f05cf5e1b6721916aa592276fb6775ba7b220a15dc92f6e5bcfe57
archive/hprc_code_snapshot/gwr_mgwr_corrected_noevt15_package_20260412/run_mgwr_multi_y.py,4671,8acbf4b480f05cf5e1b6721916aa592276fb6775ba7b220a15dc92f6e5bcfe57
archive/hprc_code_snapshot/gwr_mgwr_corrected_noevt15_package_20260412/submit_gwr_combo.sbatch,803,b6b6bb22d083852ae3af048b70cc491302c3aa7867361770d40386d12e320609
archive/hprc_code_snapshot/gwr_mgwr_corrected_noevt15_package_20260412/submit_mgwr_corrected_noevt15.sbatch,754,4f7d7f842f09788f5a73522f257fc73a4ba7eb29c8699753d74c755664fdcb21
archive/hprc_code_snapshot/gwr_mgwr_corrected_noevt15_package_20260412/submit_mgwr_grace.sbatch,758,2d0a82476bf7be0ba4a235ca66932c86e9b366fcd9ecaee4ebecdd5c57e996e5
archive/hprc_code_snapshot/gwr_mgwr_corrected_noevt15_package_20260412/submit_mgwr_sampled.sbatch,835,ab566e8393c79f4e67eec89026afcae0c4a5f2e2572b1010b56649d07077328a
archive/hprc_code_snapshot/gwr_mgwr_corrected_noevt15_package_20260412/submit_mgwr_stage.sbatch,790,fe7e3253059a8db137f98b7c47b6632c23f549b19c1d6f5c2f60bdb0fef8e9da
archive/hprc_code_snapshot/gwr_mgwr_corrected_noevt15_package_20260412/submit_mgwr_stage5b_fulltable.sbatch,894,fa46f5b3440c7c2f46cb8badd5fc19ab1cfa5a0ca264ea902c1918a82bb1522b
archive/hprc_code_snapshot/gwr_mgwr_corrected_noevt15_package_20260412/submit_mgwr_stage_full.sbatch,1039,b1191339f756fed329060eaecd8502a4839345888d342a3064cde54f4ed5fbe2
archive/hprc_code_snapshot/gwr_mgwr_corrected_noevt15_package_20260412/submit_mgwr_stage_full_backup.sbatch,877,284ad7234aa3e83317a6437a862e2bc9cab4840f95430e95f167c0c450d32d1e
archive/hprc_code_snapshot/gwr_mgwr_corrected_noevt15_package_20260412/submit_mgwr_stage_lean.sbatch,729,8503713a7ed5dd5c99537f23c56b67527863567296ed99a76361e044d6801389
archive/hprc_code_snapshot/mgwr_all_resilience_stage5b_2026-05-20/mgwr_summary.txt,4,dc937b59892604f5a86ac96936cd7ff09e25f18ae6b758e8014a24c7fa039e91
archive/hprc_code_snapshot/mgwr_all_resilience_stage5b_2026-05-20/predictors_stage5b.txt,196,59a0d14f93bd7349320ac0f154ff077c831d604964f4d3fc69fa692743dc54ac
archive/hprc_code_snapshot/mgwr_all_resilience_stage5b_2026-05-20/results_IRI_good_pow2_stage5b_seed42_v2/mgwr_summary.txt,4,dc937b59892604f5a86ac96936cd7ff09e25f18ae6b758e8014a24c7fa039e91
archive/hprc_code_snapshot/mgwr_all_resilience_stage5b_2026-05-20/results_STAB_good_pow2_stage5b_seed42_v2/mgwr_summary.txt,4,dc937b59892604f5a86ac96936cd7ff09e25f18ae6b758e8014a24c7fa039e91
archive/hprc_code_snapshot/mgwr_all_resilience_stage5b_2026-05-20/results_T80_stage5b_seed42_v2/mgwr_summary.txt,4,dc937b59892604f5a86ac96936cd7ff09e25f18ae6b758e8014a24c7fa039e91
archive/hprc_code_snapshot/mgwr_all_resilience_stage5b_2026-05-20/run_mgwr_stage5b_any_response.py,3676,5c829ad92532d683e2a31e2ab76c920e398eb86d5b4fa5e9224edff250592fe9
archive/hprc_code_snapshot/mgwr_all_resilience_stage5b_2026-05-20/submit_mgwr_stage5b_any_response.sbatch,890,cba24b09e2057ca7cd68ad5a992235439432457d86a77cfba888ab44befe626e
archive/hprc_code_snapshot/mgwr_complete_sample_2026-06-24/predictors_stage5b.txt,196,59a0d14f93bd7349320ac0f154ff077c831d604964f4d3fc69fa692743dc54ac
archive/hprc_code_snapshot/mgwr_complete_sample_2026-06-24/run_complete_sample_mgwr_standard.py,13623,48b8505cafc8514d4910b13ad8ee98d5e6ceeea63e145cafc511cfaba4b3a98d
archive/hprc_code_snapshot/mgwr_complete_sample_2026-06-24/submit_complete_sample_mgwr_xlong.sbatch,1346,d8d8cde40438e36db9d93651c09643a20fd1a9b46ce9cc10405d9b7791b060e7
archive/hprc_code_snapshot/mgwr_full_fixed_2026-06-24/predictors_stage5b.txt,196,59a0d14f93bd7349320ac0f154ff077c831d604964f4d3fc69fa692743dc54ac
archive/hprc_code_snapshot/mgwr_full_fixed_2026-06-24/run_full_fixed_bandwidth_mgwr.py,14011,5ece3801ab1ae05a23c4029a28cc3dfc78b88b2ee9940c49393315e59557d06b
archive/hprc_code_snapshot/mgwr_full_fixed_2026-06-24/submit_full_fixed_bandwidth_mgwr.sbatch,1305,a387fcb3e22c758ea353ffc3c05eea0ccedd876bdf510e9135e627b15e34653d
archive/hprc_code_snapshot/mgwr_multi_y_2026-04-27/predictors_stage4b.txt,157,00b8efc9507561fe8bcb18fb716cab27ccf6344f122cf5d6e3ab9d3075afbec9
archive/hprc_code_snapshot/mgwr_multi_y_2026-04-27/predictors_stage5b.txt,196,59a0d14f93bd7349320ac0f154ff077c831d604964f4d3fc69fa692743dc54ac
archive/hprc_code_snapshot/mgwr_multi_y_2026-04-27/results/IRI_good_pow2_stage4b_seed456/mgwr_summary.txt,4,dc937b59892604f5a86ac96936cd7ff09e25f18ae6b758e8014a24c7fa039e91
archive/hprc_code_snapshot/mgwr_multi_y_2026-04-27/results/IRI_good_pow2_stage5b_seed42/mgwr_summary.txt,4,dc937b59892604f5a86ac96936cd7ff09e25f18ae6b758e8014a24c7fa039e91
archive/hprc_code_snapshot/mgwr_multi_y_2026-04-27/results/IRI_good_pow2_stage5b_seed456/mgwr_summary.txt,4,dc937b59892604f5a86ac96936cd7ff09e25f18ae6b758e8014a24c7fa039e91
archive/hprc_code_snapshot/mgwr_multi_y_2026-04-27/results/Resistance_stage4b_seed456/mgwr_summary.txt,4,dc937b59892604f5a86ac96936cd7ff09e25f18ae6b758e8014a24c7fa039e91
archive/hprc_code_snapshot/mgwr_multi_y_2026-04-27/results/Resistance_stage5b_seed123/mgwr_summary.txt,4,dc937b59892604f5a86ac96936cd7ff09e25f18ae6b758e8014a24c7fa039e91
archive/hprc_code_snapshot/mgwr_multi_y_2026-04-27/results/STAB_good_pow2_stage4b_seed456/mgwr_summary.txt,4,dc937b59892604f5a86ac96936cd7ff09e25f18ae6b758e8014a24c7fa039e91
archive/hprc_code_snapshot/mgwr_multi_y_2026-04-27/results/STAB_good_pow2_stage5b_seed42/mgwr_summary.txt,4,dc937b59892604f5a86ac96936cd7ff09e25f18ae6b758e8014a24c7fa039e91
archive/hprc_code_snapshot/mgwr_multi_y_2026-04-27/run_mgwr_multi_y.py,3859,d02fcf4ebd1bbd010759391ba5a5ef19a0e6f020ae70162312c86625186aa513
archive/hprc_code_snapshot/mgwr_multi_y_2026-04-27/submit_mgwr_multi_y.sbatch,1356,825967496206178bdc0810f93ffb35f65e10828e65634a68264f5d231a53675b
archive/hprc_code_snapshot/mgwr_wus/check_connectivity.py,811,c654264bbbe3c648d8775a087a1cbf4f1ccb42b650fe15348c0ce136ae75cc96
archive/hprc_code_snapshot/mgwr_wus/check_connectivity_moran_by_component.py,6675,130ca3ec3013a47a818602663918d3a11684d97c3023b314221b76b0b1a97c1b
archive/hprc_code_snapshot/mgwr_wus/climate_predictors.txt,162,90a0604877a2bed982e19e30a50059c4934c7f4a0839cf009720d64d53b9ab15
archive/hprc_code_snapshot/mgwr_wus/compute_residual_bwmin20.py,1990,a484ee1c62c1caeeb93f40fccfbf6ef33359a6397c0178ee9809a98d05db1f63
archive/hprc_code_snapshot/mgwr_wus/diag_bwmin20_all.py,2796,4eea9e69f43c687c77678fff8ee8af3ab19aeacac84d5ce3ded099c9d1b0091f
archive/hprc_code_snapshot/mgwr_wus/forest_predictors.txt,79,4edc3ac98773db0914fc4b5236bd6398e60224f20bcde2d76e4a82895dbdc5db
archive/hprc_code_snapshot/mgwr_wus/gwr_grouped.py,4443,55ca6bd52587325f03b6f85529390679e8ca863ac5be9740fdc2230e55371062
archive/hprc_code_snapshot/mgwr_wus/gwr_grouped.sbatch,470,29499a9d12b8734b45f05fbe8b7f0f42f22af025fe52f5a3e609605fcbeebaef
archive/hprc_code_snapshot/mgwr_wus/gwr_grouped_outputs/GWR_climate_summary.txt,4,dc937b59892604f5a86ac96936cd7ff09e25f18ae6b758e8014a24c7fa039e91
archive/hprc_code_snapshot/mgwr_wus/gwr_grouped_outputs/GWR_forest_summary.txt,4,dc937b59892604f5a86ac96936cd7ff09e25f18ae6b758e8014a24c7fa039e91
archive/hprc_code_snapshot/mgwr_wus/gwr_grouped_outputs/GWR_topo_soil_summary.txt,4,dc937b59892604f5a86ac96936cd7ff09e25f18ae6b758e8014a24c7fa039e91
archive/hprc_code_snapshot/mgwr_wus/human_predictors.txt,113,9641a4512fe62ba361c99f84b49fa4ba0639d06bc3539e967f8a7700550e7394
archive/hprc_code_snapshot/mgwr_wus/human_predictors_small.txt,46,37486b8723c7c50053e0cbc61d203c643522a1629519535797c6c458f341892e
archive/hprc_code_snapshot/mgwr_wus/mgwr_morecpu.sbatch,388,2cd3004e876c1fac1c7450596669b786fa8020a0548d3f5a5fadb85c9e57f9ed
archive/hprc_code_snapshot/mgwr_wus/mgwr_resistance.py,3546,3affcdbef2774867c7a212a223c2aba916c5eff8fbec7eefadc888218f1d58aa
archive/hprc_code_snapshot/mgwr_wus/mgwr_resistance.sbatch,490,7d3597fcb9c8ed1b03dfd781cb1a98132c7e5eb8a3f19b3b1bc3635590a1d17a
archive/hprc_code_snapshot/mgwr_wus/mgwr_resistance_bwmin1200.py,3631,4e702a69e506d5403e76fd2b3cfef0d38a84e3c9468d502f95876822499c7081
archive/hprc_code_snapshot/mgwr_wus/mgwr_resistance_bwmin1200.sbatch,393,eb3499cbe28224dfe4f6c986b222d3ab5018a618aa74fa575223f28c7c44705c
archive/hprc_code_snapshot/mgwr_wus/mgwr_resistance_bwmin20_bisquare.py,3546,186c5a165ff696a365db468491ff8e92d64161649a33c247a0ccc58ef9d37bc9
archive/hprc_code_snapshot/mgwr_wus/mgwr_resistance_bwmin20_bisquare.sbatch,507,18ff646c541e75f6a74eff319f0db43e0f60cd891d4ecfd6d4d63bfac6e275db
archive/hprc_code_snapshot/mgwr_wus/mgwr_resistance_bwmin20_bisquare_human.py,3644,8c821d54a103bb4496caedecffeb942a1570d4fd8e40da447b9192d34b2d7af6
archive/hprc_code_snapshot/mgwr_wus/mgwr_resistance_bwmin20_bisquare_human.sbatch,513,fccc84a354912846638cd45a52a10c83ac77453c73503fae2b7a9a095b5803c0
archive/hprc_code_snapshot/mgwr_wus/mgwr_resistance_bwmin40_bisquare.py,3530,dff28f1393a03b9de68824f49afc900c99b1689c3c9a78db9302fe2d343ef3b1
archive/hprc_code_snapshot/mgwr_wus/mgwr_resistance_bwmin40_bisquare.sbatch,507,62bbef57bad1500499350e5d9218f1c9fac8071465e94c5c00f128daa023636d
archive/hprc_code_snapshot/mgwr_wus/mgwr_resistance_logy_bwmin20_BandG_withoutHuman.py,5226,0878c6ad686fea2303b872b693074384bf909d46d19e134d4adc1ff7d9a46347
archive/hprc_code_snapshot/mgwr_wus/mgwr_resistance_logy_bwmin20_bisquare_human.py,3644,8c821d54a103bb4496caedecffeb942a1570d4fd8e40da447b9192d34b2d7af6
archive/hprc_code_snapshot/mgwr_wus/mgwr_resistance_logy_bwmin20_bisquare_human.sbatch,513,fccc84a354912846638cd45a52a10c83ac77453c73503fae2b7a9a095b5803c0
archive/hprc_code_snapshot/mgwr_wus/mgwr_resistance_logy_bwmin20_bisquare_withoutHuman.py,4590,6f455842f996795c06d145861c475a777723fb446630f53b2e932e41a9e0006a
archive/hprc_code_snapshot/mgwr_wus/mgwr_resistance_logy_bwmin20_bisquare_withoutHuman.sbatch,524,bd1e272f4f0dbe9bcbd9a00eba06d74b3e4617d369e85ff218ec96da610bcc56
archive/hprc_code_snapshot/mgwr_wus/mgwr_resistance_nohuman.py,3655,33e568c1268a357fa859950f7fbca2085de5126736ebe8683fdd61439bcef528
archive/hprc_code_snapshot/mgwr_wus/mgwr_resistance_nohuman.sbatch,603,384f0a34f428452eea7b1263db7d8ffe92bd5ae07089322059a94a06c8826a6a
archive/hprc_code_snapshot/mgwr_wus/mgwr_resistance_y_withlogHuman.py,8066,f511589604990ca1c52c71ce715b4c96d00548ab217c8bf3dab8705afa5fad5f
archive/hprc_code_snapshot/mgwr_wus/outputs_resistance/MGWR_Resistance_summary.txt,143,08aeaa5ee7921580cf60aea85e2158a656e8528715dbcd77741fe3e08a71738c
archive/hprc_code_snapshot/mgwr_wus/outputs_resistance/MGWR_Resistance_summary_bwmin20.txt,143,2aac84967f25ad8bb89b201d90b8200cc861cd97fb8b332d4ea25cc0bc87d953
archive/hprc_code_snapshot/mgwr_wus/outputs_resistance/MGWR_Resistance_summary_bwmin20_withHuman.txt,171,05a04fdaa27af1202809c0549776e09d733a6c632e4c0a62432ea2a1fdd6554b
archive/hprc_code_snapshot/mgwr_wus/outputs_resistance_human_inside/MGWR_Resistance_summary_bisquare_bwmin100_HUM_popdens_near_t0_log1p_z_HUM_imperv_near_t0_log1p_z_HUM_viirs_near_t0_clip99_z.txt,557,030adeee0f294b24a2a9795ee35dc1eb9abb19fa9b05f96d8234e766d7089f13
archive/hprc_code_snapshot/mgwr_wus/pipeline_quick_full/mgwr_full.py,3725,b1969698ad9793cd4174eeb466d2160f310c5f3277cbc260f3e10ea940413dff
archive/hprc_code_snapshot/mgwr_wus/pipeline_quick_full/mgwr_quick.py,4124,df0ebe3ea1d78f1d8d0da4a877b43c1269dd15e539c6e37e874f5de45e4919a7
archive/hprc_code_snapshot/mgwr_wus/pipeline_quick_full/quick.sbatch,280,5fc47b5a7bf010789d5a5e91ec6bb764147d82f8223fdf08a72a1d358a3cf54d
archive/hprc_code_snapshot/mgwr_wus/plot_residual_diag_bwmin20.py,2462,66ab34a0a80405e9cf54ee6603d2c3d053ce9a4aaa866686c5d7e68f391b558b
archive/hprc_code_snapshot/mgwr_wus/prepare_human_vars_only.py,3332,632325e6d05a83551ff744ae5f29d064860fb0cb18aa0b9eb432dd16e1f402de
archive/hprc_code_snapshot/mgwr_wus/residual_diag_bwmin20.py,2951,789b22ec0129631986bb39fbd7539f5efafdb337c88f69365851b612974b0e39
archive/hprc_code_snapshot/mgwr_wus/run_fast_gwr/gwr_fast.sbatch,366,7c6033b0f7a98bb36125867e1f7334aa08748cd49c6770ccba35a95274cf1375
archive/hprc_code_snapshot/mgwr_wus/run_fast_gwr/gwr_resistance_fast.py,2967,af23a27ef6465057e1bf20736edbcf8adb42cfa8c7d7631f33ed7b0a125e9270
archive/hprc_code_snapshot/mgwr_wus/run_fast_gwr/outputs_gwr_fast/GWR_Resistance_summary.txt,43,6d932f505f7e274469d31b49a03472249a05744837dc3d7cb80386106fc3ba5c
archive/hprc_code_snapshot/mgwr_wus/run_mgwr.py,8653,33fab5b5ed90d8f3528d57d7205ef955686751bfd3f542dae08fe03ad6985edf
archive/hprc_code_snapshot/mgwr_wus/run_moran_component.sbatch,296,299bf680ed5184a6101f6d47cf523cd34d8a97ea75e1c70653d336636c66e87e
archive/hprc_code_snapshot/mgwr_wus/run_morecpu_mgwr/mgwr_resistance_morecpu.py,4107,0b1b8f014de8bc65ef43742c7740d61f75a886364eff09b9aa98ff81f5309462
archive/hprc_code_snapshot/mgwr_wus/submit_mgwr.sbatch,831,076bc84d71bebdaf1fb5c35fae684984799b32dea217f74f7f4ddffe1384a9df
archive/hprc_code_snapshot/mgwr_wus/submit_mgwr_climate.sbatch,735,73834cdb34ecd234af6074b619bc154a6c0d193615e60e6f0d9faf5a166f6e8a
archive/hprc_code_snapshot/mgwr_wus/submit_mgwr_forest.sbatch,738,5b90dc62d3a11b4b2625af59a1dcd3d5765d90dd63dddde305c2e955cdc9fc9e
archive/hprc_code_snapshot/mgwr_wus/submit_mgwr_human.sbatch,732,0297d458863ee1b2f91c360530f9015389181827498ddd6138af84d87dc34c52
archive/hprc_code_snapshot/mgwr_wus/submit_mgwr_human_small.sbatch,757,233514301ee20817e153b96ec10db58522b27dcd0395f19e2b9e4b5bcb5fef50
archive/hprc_code_snapshot/mgwr_wus/submit_mgwr_toposoil.sbatch,739,27b64f73569c5676405683aeeca9c3e610122fa7211219b87ba753a55bc1cde0
archive/hprc_code_snapshot/mgwr_wus/topo_soil_predictors.txt,96,3ea58509348b6423b6e0fa1e3af69023884f7c8801969d23b2b2f84bb2ddfdf9
archive/hprc_code_snapshot/multiscale_rf_2026-04-27/build_multiscale_features.py,4771,4cefd352327d073216f17b499e92ec41bc474db3c9480fe9cbb53c0af6822340
archive/hprc_code_snapshot/multiscale_rf_2026-04-27/localz_rf_round3_full_2026-04-28/report.md,21134,ef7b88b950fb9cadf1972d848c9cb306834e1bb263cdd05b43887fc1aa956f5a
archive/hprc_code_snapshot/multiscale_rf_2026-04-27/localz_rf_round3_seed123_2026-04-28/report.md,14610,40fa63f78018688c960e666bb858c96ad85199932e0bc4beb2cc459d6ddef286
archive/hprc_code_snapshot/multiscale_rf_2026-04-27/localz_rf_round3_seed77_2026-04-28/report.md,14610,40fa63f78018688c960e666bb858c96ad85199932e0bc4beb2cc459d6ddef286
archive/hprc_code_snapshot/multiscale_rf_2026-04-27/residual_multiscale_rf_round2_allnbr_full_2026-04-28/report.md,27799,0914c931ba11cb9fc4d6c39fc02203032f23de0a994566a080d4adca015c9982
archive/hprc_code_snapshot/multiscale_rf_2026-04-27/residual_multiscale_rf_round2_context_full_2026-04-28/report.md,22265,fb50c0bd8d9739358cbe14987f3e95a684b28f3aa221ae4b9d77678daa0c9317
archive/hprc_code_snapshot/multiscale_rf_2026-04-27/residual_multiscale_rf_round2_full_2026-04-28/report.md,18523,fe57058443a898f7c5df88d2b68202ba733b83be4de439ed872b485b61315f58
archive/hprc_code_snapshot/multiscale_rf_2026-04-27/residual_multiscale_rf_round2_lisa_full_2026-04-28/report.md,14574,55cf098769de415df55e99da268495c035136da622124e184d545407d74981d0
archive/hprc_code_snapshot/multiscale_rf_2026-04-27/run_rf_mgwrscale_model2_compare.py,11148,bb0255224bc9808ed38e54705128ccc095502cff30a72da431473566fa567554
archive/hprc_code_snapshot/multiscale_rf_2026-04-27/run_rf_multiscale.py,9468,5d89ae6cb60abed234ee11d3c5d33fccb9db1a2f0be8718c88497615ced4a916
archive/hprc_code_snapshot/multiscale_rf_2026-04-27/run_rf_multiscale_v2.py,10489,72238ecf321b9bd35eb86a83ddf95e7967678ee40aa377eb5af5b959c7957e9a
archive/hprc_code_snapshot/multiscale_rf_2026-04-27/run_westernus_multiscale_rf_localz_round3.py,26359,783604f37ac521b4cddb659634e41dcd2486edef7c9149a5f8565fd6f27581a5
archive/hprc_code_snapshot/multiscale_rf_2026-04-27/run_westernus_multiscale_rf_residual_round2.py,53206,db71279c8b86b6cd80318067e3daa039d9b95d28f0a41a9b0546f1e02a40e80b
archive/hprc_code_snapshot/multiscale_rf_2026-04-27/run_westernus_multiscale_rf_softmoe_round1.py,41208,931361ea4d75aa2db2a92cfd1d4607e1574831445fc2c34b06864e1fcc7e6224
archive/hprc_code_snapshot/multiscale_rf_2026-04-27/softmoe_rf_round1_full_2026-04-28_rerun1/report.md,12831,712f9b343d13856d390c1a28e3c12c07c05914657126d3d67f80f2a5256b39b7
archive/hprc_code_snapshot/multiscale_rf_2026-04-27/submit_model2_compare.sbatch,855,b22aa474e1abad07aa2b849a013be7b5c193db79f0d7732825e21beec18d0ba0
archive/hprc_code_snapshot/multiscale_rf_2026-04-27/submit_multiscale_rf.sbatch,1309,ee811ba4e0f70920a1994b6958d102a13265a7c4ac712c059a4f83540f7cf097
archive/hprc_code_snapshot/multiscale_rf_2026-04-27/submit_multiscale_rf_v2.sbatch,960,09445877d680c54b7d32402155c201faabb32fd8cd1d143a57f0af2346fe9d25
archive/hprc_code_snapshot/multiscale_rf_2026-04-27/submit_westernus_multiscale_rf_localz_round3.sbatch,1775,6a96b93606e10c6b15c3b1e421b26d405405c27b76b8185f539db046e542b6f6
archive/hprc_code_snapshot/multiscale_rf_2026-04-27/submit_westernus_multiscale_rf_residual_round2.sbatch,1965,12e89796fc99d9464cf0f3fc6d9f1e27ab5e61743be544052aef81af5d6a2ca1
archive/hprc_code_snapshot/multiscale_rf_2026-04-27/submit_westernus_multiscale_rf_softmoe_round1.sbatch,1945,0645034246899da1ca05ff2c555333b1ecf3bd9000e6fa41c194b4c373fd99bd
archive/hprc_code_snapshot/softmoe_lisa_round1_2026-04-28/report.md,8560,a2072147aeb4f4a864493e1b3e26a01727260bea03bdef16ffe6ff04f55a24f9
archive/hprc_code_snapshot/softmoe_lisa_round1_2026-04-28/run_westernus_softmoe_lisa_round1.py,41780,fa58a76291c69813f2fe0aaff333a796f5bd74bd18fbba0bca8fed1e66822af5
archive/original_model_code/analyze_main_alternatives_complete_corrected.py,11714,e09437bd18a11d652f27d00ce1b3b3816d52ca49897f87da44665888045eabcd
archive/original_model_code/analyze_main_alternatives_complete_corrected_fast.py,11432,7abe3cae5f35a0c7daa5edee30944c47327b3f4e650aa50dacb9663c5728b44f
archive/original_model_code/analyze_predictors_and_other_responses_complete_corrected.py,14814,672732288be8959e41de434adae5c081918b74038fd4df043b59de8090bc77d2
archive/original_model_code/build_available_modelset_predicted_observed_scatter.py,8524,f8bc75c8470f3cae037d9e9e211d458fb964b124b3e8d3b34ac433bb49d090a8
archive/original_model_code/build_complete_mgwr_manuscript_assets.py,33121,3239a18d54bcaf7761bd4d51cf492e008bc5a03bc13f6caf2863034c85910a58
archive/original_model_code/build_m2_baseline_random_block_predictions.py,2546,69a26197977284c2b676da07be2723680c831792144e8f8180bcca68a86155a9
archive/original_model_code/build_mgwr_constraint_zoning_framework_v3.py,29227,009a205b3db7acce12835c2abce9faf0e1aad7b72968acc38f9854e6c398c16c
archive/original_model_code/build_mgwr_idw_cv_random_block_scatter.py,15050,5d37ac754f9782858aadab6c18f8a5e33bf206ee9bebc8afb4267c8845254efb
archive/original_model_code/build_mgwr_mechanism_zoning_framework_v2.py,29990,6b87c76f03c6712c74abf2b1687ab0c444602d0ff85e91ad2982516c27818835
archive/original_model_code/build_pre_mgwr_spatial_diagnostics.py,9379,b2a0085e5c749f5209ea5ee48a04278c591999d4c5f2ed813b7c204c3ff1d556
archive/original_model_code/build_predicted_observed_scatter_by_region.py,13509,0b5da5929c2c8b207a324141591749dbb97aa7b6ebd6cbeb6d5821dfe08fa9c4
archive/original_model_code/build_regional_residual_model_comparison.py,13015,e751bbcd19eb06a38923a2f679e5098cafcdc94d2c950ddf821488190bd6a7df
archive/original_model_code/build_residual_point_scatter_by_subregion.py,13976,adccf4f767201ced9394781e3d7328fa02ceb2c3c41e84ff4d21774f47bd4113
archive/original_model_code/build_residual_scatter_by_subregion.py,10253,f643004d7f7f0d355f2f6eaf14c74118b6292be806f7b4eb15a3ca39d9035420
archive/original_model_code/build_retained_resilience_regional_residual_figure.py,12589,4cba58315ec7111321fc50050d7ebb7ad3b97a71737b6a4ac4be97b6c1033dc4
archive/original_model_code/build_rf_mgwr_fourpanel_residual_diagnostics.py,14695,11c06bfb89b70118b5c1360ccc8975e1ee0fd4ac987a2064435ce7f9297b1abe
archive/original_model_code/build_rf_mgwr_residual_diagnostics.py,11918,70d5377959e5f53e45a2a9f0c302d27e72d95da5fae1d9bec5206989a26d3615
archive/original_model_code/compute_mgwr_block_cv.py,9070,ef06f9520d5e227b86ce1722f8c0b39edbbd7bea9b7a7c663e1f10ed59071df6
archive/original_model_code/compute_multiresponse_mgwr_zoning_epa_l3.py,28194,0eb7dac3db9583f46e4a7dd71798a164ff94878a1b6f3e3a836712b6e33a582d
archive/original_model_code/compute_resilience_management_zoning_spatialized.py,16471,291f474c9815b8458ff74294253957e4bc764a7aadf2334307e6ecc359dfc4c4
archive/original_model_code/current_models_full_saf_summary_2026-03-30/run_full_saf_rf_xy_variants.py,6171,68507581e70a8cb8f5b9073af43cab3d13a29cce22a4cce8ca3bce7b53b8063a
archive/original_model_code/current_models_full_saf_summary_2026-03-30/summarize_current_full_saf_models.py,7745,cfa27c2021999901834e44fa51291c5a81369cabcaf7315f8b7f49f4926ef23f
archive/original_model_code/grouped_gwr_execution_package_2026-03-30/build_vif_and_grouped_gwr_package.py,10240,a8e42d3ef75cf887c97125c4c6039b2d59591a8d99ae9aa1a07a8fca92dde332
archive/original_model_code/grouped_gwr_execution_package_2026-03-30/run_gwr_A_topo_soil.py,3057,36f575a7d23a0965a0aa80bccf3d48d196fa4f5a08862318c4d65ee620bd29da
archive/original_model_code/grouped_gwr_execution_package_2026-03-30/run_gwr_A_topo_soil_colab_safe.py,3510,698f986caac79961df3fded52a0d85a26bd19bd8e3e18e4982ec218a04bd2820
archive/original_model_code/grouped_gwr_execution_package_2026-03-30/run_gwr_A_topo_soil_fixedbw.py,3224,99876d48987d811f3dd6958773d9dc29024fdb1563ffee4fcea799a062e2f23e
archive/original_model_code/grouped_gwr_execution_package_2026-03-30/run_gwr_A_topo_soil_local_safe.py,3087,cc1f173c61e4c30ba30cb9473516bb3f8828aece5ebe1a7457d7fae0738da26f
archive/original_model_code/grouped_gwr_execution_package_2026-03-30/run_gwr_B_topo_soil_plus_forest.py,3069,0af09ab4b4fbe2e1858a24da3a775d352703bc2397e5cf49eee88cc5494e5375
archive/original_model_code/grouped_gwr_execution_package_2026-03-30/run_gwr_B_topo_soil_plus_forest_colab_safe.py,3522,0bca8e25d690eaffeda4a8d91004d5cbd9cfdece09455c7a69d06bb2976e687d
archive/original_model_code/grouped_gwr_execution_package_2026-03-30/run_gwr_B_topo_soil_plus_forest_fixedbw.py,3236,733ce6d17aeee7b2165f92fe8af4108065575afac7687b826f5c7d19e884c76b
archive/original_model_code/grouped_gwr_execution_package_2026-03-30/run_gwr_B_topo_soil_plus_forest_local_safe.py,3099,b0039ed8729f40222b161c08586f80ea57d8c8bec21daa073c366f9c12ba7166
archive/original_model_code/grouped_gwr_execution_package_2026-03-30/run_gwr_C_topo_soil_forest_human.py,3070,334186a4fa5d9ddce23d8e077a99fb7d6a67e11ed561eaf6c3b0b5302ac8c27d
archive/original_model_code/grouped_gwr_execution_package_2026-03-30/run_gwr_D_topo_soil_forest_human_climate.py,3078,64fa6c7195b00ad7e5adfc44239385ca746646503b6ebbbae660fd9b324a2e4f
archive/original_model_code/grouped_gwr_execution_package_2026-03-30/run_gwr_OLS_full_SAF_reference.py,3068,f39959430cb52efce2985a30ef5a1836ab9a0091e8070ea52cb48ed85701d65b
archive/original_model_code/grouped_gwr_execution_package_2026-03-30/run_gwr_climate.py,3053,00706a33f8b74bb6868804291ecd1c87a654d86f6fe7f9526332c56cf2be0f34
archive/original_model_code/grouped_gwr_execution_package_2026-03-30/run_gwr_forest.py,3052,17997aa2f2ac2d70295b983d8dc266d8e7ec8b9a280c2a06dc0cea22ddc01713
archive/original_model_code/grouped_gwr_execution_package_2026-03-30/run_gwr_human.py,3051,da2fb9bc9cb6c616bf70c8a9676f9366317af66e04e223fcd2d77c92d5435398
archive/original_model_code/grouped_gwr_execution_package_2026-03-30/run_gwr_topo_soil.py,3055,55adc72af8a1567fb6919cbd68efded5ede462520ba63a47776d36456d239266
archive/original_model_code/gwr_mgwr_corrected_noevt15_package_20260412/run_gwr_corrected_noevt15.py,4444,8b701441c2d8f697c050f7ddc3885cb5838587309011ab3bc5f537f2631fd40f
archive/original_model_code/gwr_mgwr_corrected_noevt15_package_20260412/run_mgwr_corrected_noevt15.py,4671,8acbf4b480f05cf5e1b6721916aa592276fb6775ba7b220a15dc92f6e5bcfe57
archive/original_model_code/gwr_mgwr_corrected_noevt15_package_20260412/run_rf_corrected_noevt15_stages.py,5749,bc11869ad0c780556852702f314452321783ff7d70626edd4260e7b2c203381e
archive/original_model_code/plot_rf_variable_ablation_current11state.py,7961,fff8abc7a491950c4e84b400b016ae1221e7f3a703b1a6589034551ffe0dc2c5
archive/original_model_code/recovery_model_execution_near_t0_postfire/build_management_map_v1.py,14433,f33743c690515e5cd6eb374ddd2fab80c5874d8dab27853e2048d81625cd6cec
archive/original_model_code/recovery_model_execution_near_t0_postfire/compare_t80_xy_models.py,19421,b2888ab06719d97396cb097c9d5d5a8ec078c855c3c19a932b0a517bdb25cf26
archive/original_model_code/recovery_model_execution_near_t0_postfire/run_fire_severity_categorical_all_rf.py,9505,9c5538ac00a86fb018a529dd13b80460a0f10cf801c62526a5484b831ee6d25f
archive/original_model_code/recovery_model_execution_near_t0_postfire/run_fire_severity_contrast.py,10199,05c194cb33b007642da8540437c08b9ee40989add1208618f561ffea44614ea3
archive/original_model_code/recovery_model_execution_near_t0_postfire/run_gwr_residual_correction_all_y.py,14358,9989338ca43683f529a6348583632c201b96e08473ca59812572bb6e7ddd1647
archive/original_model_code/recovery_model_execution_near_t0_postfire/run_gwr_residual_correction_all_y_fixedbw.py,13198,9e1a02b417f064ffb91b1478c1433ad66b76a180aca829c57adb69bc909006f4
archive/original_model_code/recovery_model_execution_near_t0_postfire/run_gwr_residual_correction_all_y_screen.py,10950,74177ae7589900a4194e13e4104d831f0c20f20f0df54cbb0526cf46833c2221
archive/original_model_code/recovery_model_execution_near_t0_postfire/run_increment_grouped_ablation.py,5593,2c3e35151b270fb5f507b2732e7f189a2ee5c2ef1680d0a9345a9a0a2e0b2366
archive/original_model_code/recovery_model_execution_near_t0_postfire/run_increment_recovery_rf_spatial_terms.py,5049,4aa52b4e4623774ab6073219fb9fbd603160b3dea97bb382b5883c501a2472b0
archive/original_model_code/recovery_model_execution_near_t0_postfire/run_management_stability_validation.py,17689,d725a4c2abfdc201ad1a872b3ed80caccd02119839b7100925eeee0c244cc614
archive/original_model_code/recovery_model_execution_near_t0_postfire/run_ols_recovery_baseline.py,3354,34b36a0c8c3ddbbda5328c9d1a6200ff6b0563c13b48104f8ab2b1fac5ec4961
archive/original_model_code/recovery_model_execution_near_t0_postfire/run_ordinal_rf_spatial_terms.py,5342,f234a7e8b390c9c357e4eb23b2edfb32e060edff6ea5af32df6c17f527e7bea6
archive/original_model_code/recovery_model_execution_near_t0_postfire/run_rf_recovery_baseline.py,2760,9f8acf28129d6da5af0788228e8e716b7b67ad743a2d1f85010674e9e1dc7b91
archive/original_model_code/recovery_model_execution_near_t0_postfire/run_rf_spatial_terms_for_recovery_y.py,4683,6931eee8c683fb9728cff3ad2ab41ab74bb8e195e41e3b1825cdd86b21654833
archive/original_model_code/recovery_model_execution_near_t0_postfire/run_sar_sem_all_y_screen.py,6714,2b08d0dcc671e8974c61e8baea336c283eb4ab6832c5feac19160ab728ae60ec
archive/original_model_code/recovery_model_execution_near_t0_postfire/run_spatial_rf_all_y.py,12540,1bf9280bb2aedab1c42ab0a480be6c3ba2541a60b3ddacf13aa6c30a639a0297
archive/original_model_code/recovery_model_execution_near_t0_postfire/run_spatial_rf_all_y_screen.py,10681,0147853516b23760540664e9207957b63ccbef9ab351d152b6f7262428bded66
archive/original_model_code/recovery_model_execution_near_t0_postfire/run_t80_interpretable_spatial_models.py,6007,38cf30fe10d136ae518bcdde7910c3fe0af07cf2d9f15be1c92ad79f2d729bc9
archive/original_model_code/recovery_model_execution_near_t0_postfire/run_t80_ordinal_models.py,7898,4082b6eefab2e4ae1b24c1d18c78899ece62bf92f26647423f9c1ff2dbdf8908
archive/original_model_code/recovery_model_execution_near_t0_postfire/run_t80_spatial_ordinal_rf_refined.py,7156,5dc8570245df0d5f9abb49980dd955f2139e737c692673f250d30584397985d7
archive/original_model_code/recovery_model_execution_near_t0_postfire/run_t80_twopart_models.py,14168,c43c7afa35c788e0eb0d504fdd99c2d241adb790611764abf6a64d288d4d47d7
archive/original_model_code/recovery_model_execution_near_t0_postfire/run_xgboost_recovery_baseline.py,3035,7967cefd935cef411260252982742a396c476235268988b88dbe58a3edd32453
archive/original_model_code/resistance_full_saf_models_2026-03-30/run_full_saf_models.py,5683,8933990151c49023ba29c563441482543deb8f9a4144b95dd2be741bd012e8d1
archive/original_model_code/resistance_model_execution_detailed_evt/run_ols_detailed_evt.py,3268,d0f1c4300f70d2a049ab37121db0c2afdb540aa7d6e3ab484e555b32bb2cabaf
archive/original_model_code/resistance_model_execution_detailed_evt/run_rf_detailed_evt.py,3711,81d5d896075e1b2784fdbbeb24818ab93f385a2f32c6ec265b06698e17b32160
archive/original_model_code/resistance_model_execution_detailed_evt/run_xgboost_detailed_evt.py,3943,47fca595a1232998c2f3c09f18d597ed23e0bb6ab8ce61d698dcb2c961b25e49
archive/original_model_code/resistance_model_execution_near_t0_aggregated/compare_rf_train_test_fullfit_resistance.py,5739,4637ad318dd15d5ed38ae37f3859620133194965dc5c7cacd1a2959ac07af02e
archive/original_model_code/resistance_model_execution_near_t0_aggregated/run_ols_near_t0_aggregated.py,4123,7d1793acb66387437d616f0d7c184afa43e6552034e5ed546303192df899a1da
archive/original_model_code/resistance_model_execution_near_t0_aggregated/run_rf_near_t0_aggregated.py,3921,9da4359154f13f7d2dcb3fe5895ec7ecc3669287e6df44a84fc443f2489bb0a9
archive/original_model_code/resistance_model_execution_near_t0_aggregated/run_rf_near_t0_aggregated_noevt.py,3269,13b3e57be7d72ab9a859df6ccef82317cea0bdc52b1a59691372c1c36db2ed43
archive/original_model_code/resistance_model_execution_near_t0_aggregated/run_xgboost_near_t0_aggregated.py,4176,7e1a8d1c6e8a801ad540ac738cd7028845b12b3892a1e77375deddc0ba2eb947
archive/original_model_code/resistance_model_execution_near_t0_evt_cbh/run_ols_near_t0_evt_cbh.py,2220,d7fb96ef2f8d65e07cf757d89d0133b296d557bb068ffbf2254553afc4328c72
archive/original_model_code/resistance_model_execution_near_t0_evt_cbh/run_rf_near_t0_evt_cbh.py,2741,7e3661551dcfc19a0d2a83ffdb75168e4d25208bf22328f41409de424da9abf6
archive/original_model_code/resistance_model_execution_near_t0_evt_cbh/run_xgboost_near_t0_evt_cbh.py,2993,7a04794de019a2ff5c533d4e8037d6013120a358e4b80d19931225ebcb1887db
archive/original_model_code/resistance_model_execution_proxy_evt/run_gwr_proxy_evt.py,2976,9a15bc7d07e05bc44b0050222ee90848a290e14253539960a9b6ecb522b8f798
archive/original_model_code/resistance_model_execution_proxy_evt/run_ols_proxy_evt.py,2633,befdb6d313f1571279f18ac44497c9b240d37a356003f510fded3ef5a24bc07d
archive/original_model_code/resistance_model_execution_proxy_evt/run_rf_proxy_evt.py,2905,9c043fb48fc6c77696294ac5a70bcb64a3b9b4270d861b3a1fcd6a12215e8515
archive/original_model_code/resistance_model_execution_proxy_evt/run_xgboost_proxy_evt.py,3118,cd74e5c6dfd6c9532d738b6317ba4fee7ead3ee3485d274180152d4c9ce63c4d
archive/original_model_code/resistance_model_execution_raw_proxy_evt/run_gwr_raw_proxy_evt.py,3422,08a4728cf433e44586484e0d511bc52a76f155daa782944c14be0d4282d29865
archive/original_model_code/resistance_model_execution_raw_proxy_evt/run_gwr_raw_proxy_evt_local.py,3574,7a02dc9e826029c03643d6835f647c794c904cfd6c703f17712590236b12dd93
archive/original_model_code/resistance_model_execution_raw_proxy_evt/run_gwr_raw_proxy_evt_local_fixedbw.py,3847,c2fff304d71102edc7d79eb43eb3ec5b982b6edce520e622144ff9437d7897a8
archive/original_model_code/resistance_model_execution_raw_proxy_evt/run_gwr_raw_proxy_evt_local_stable8.py,3077,4349b3fc9fd6d60fb6ba099b975ed91fb000282aea8cccf1c222c5223e9f688d
archive/original_model_code/resistance_model_execution_raw_proxy_evt/run_ols_raw_proxy_evt.py,3079,d51742a0e58681a9ccecc7dc76221dd2d00f52c5330b69cb33cd542467b0a30f
archive/original_model_code/resistance_model_execution_raw_proxy_evt/run_rf_raw_proxy_evt.py,5162,31b1c66c18164b1f00cc052404a271566ffe3ffca13f13eb979805ed8e1af47e
archive/original_model_code/resistance_model_execution_raw_proxy_evt/run_xgboost_raw_proxy_evt.py,3556,41fea72c07d2028ba8ffc2ecea00bedbdb894af6f6d0ea267f7e9ed715a06513
archive/original_model_code/resistance_official_near_t0_system_2026-03-30/run_official_near_t0_evt_models.py,9626,ff1a699d471e0328694f2487996d65c94a6adcf86fc6e2aa11097f69bfef363a
archive/original_model_code/resistance_official_near_t0_system_2026-03-30/run_ols_no_evt.py,2133,b9aec9bd8f57ff538e3e9c80d3146cc71b817b445011b57747eda7cd27b1a683
archive/original_model_code/run_best_rf_evt_poly_diagnostics.py,14172,4314f2848d36ea0683e87f084b86d4725dece7a751df2fdd5851ebbca1eb74eb
archive/original_model_code/run_bi_threshold_sensitivity.py,8218,dd329573e83d087433d1b74fd3ed3ba4a7328a3b01bd576de78703d77cd1d2ad
archive/original_model_code/run_bi_threshold_sensitivity_compact.py,7630,cc76b396e8e988381f7bf1530c90ff027301d4a1653d06118080fb8358d409ea
archive/original_model_code/run_bi_threshold_sensitivity_fast.py,7241,7415aa99fedc2502f608e631af8266d496eb573de20a034182bae8f62da9997f
archive/original_model_code/run_block_transfer_exp_v1.py,14122,ebe1d442d78b1bf7daa19923cc74bddcfc43c67b2ce3d573cdd168e9a93dec5e
archive/original_model_code/run_coast_subset_complete_rf_corrected.py,6461,557ee2ce475c2465a912bf02cedb04430b8275b8cfcd86fc34877c5e05643df8
archive/original_model_code/run_coast_subset_same16_rf_corrected.py,4607,fcdfa1ec8091f4572673bf624f8bb07c3084d3662e67b34b787736022c7c3903
archive/original_model_code/run_complete_corrected_rf_xgb_diagnostics.py,8720,121549c91b17c99130ece1759b245323403e8f8d57c8840fe85140266aa8ff11
archive/original_model_code/run_complete_sample_mgwr_standard.py,13623,48b8505cafc8514d4910b13ad8ee98d5e6ceeea63e145cafc511cfaba4b3a98d
archive/original_model_code/run_formal_transform_sensitivity_models.py,13239,11bf11936356b834fbe8e214dc738a9cfc6d61a1ef7ee0920d6869f8863db039
archive/original_model_code/run_full_fixed_bandwidth_mgwr.py,14011,5ece3801ab1ae05a23c4029a28cc3dfc78b88b2ee9940c49393315e59557d06b
archive/original_model_code/run_global_mgwr_rf_residual_screen.py,5734,d06b464a786cccab220951b4516b31c2d74027e62a8af81af4d0e5cdcc5fac9f
archive/original_model_code/run_latent_k6_rf_compare.py,12227,f0c483ec033da030b9fc2f89d40c80c1bcb44228290d36e95a88377a820327b6
archive/original_model_code/run_mgwr.py,3350,397b7e11123a4862637d398f54e33ee3a3ed761c7ff3b04dd5245ad1bfc699c4
archive/original_model_code/run_mgwr_stage5b_any_response.py,3676,5c829ad92532d683e2a31e2ab76c920e398eb86d5b4fa5e9224edff250592fe9
archive/original_model_code/run_reduced_noevt_models.py,10706,7df2668d941ca7a4e09d8e5382bc5cfbcedb4a245f95e8d06434f84684132367
archive/original_model_code/run_regional_rf_best_nosev.py,22588,1a9bb30b8135b134fc29d9da63fd60fe3d16e62d17d07157af436d6f653cb80c
archive/original_model_code/run_resistance_sensitivity_models.py,11983,02217dc9dca21a9800e6ff3b480945a0f0458478b86e60ac716d79712216c683
archive/original_model_code/run_rf_combo_search_resistance.py,13663,da0b51e7c80d378d89f04061a9f45dc74ca29cf290432ab730850d5ce7c62883
archive/original_model_code/run_rf_mgwrscale_model2_compare.py,11148,bb0255224bc9808ed38e54705128ccc095502cff30a72da431473566fa567554
archive/original_model_code/run_rf_multiscale.py,9468,5d89ae6cb60abed234ee11d3c5d33fccb9db1a2f0be8718c88497615ced4a916
archive/original_model_code/run_rf_multiscale_v2.py,10489,72238ecf321b9bd35eb86a83ddf95e7967678ee40aa377eb5af5b959c7957e9a
archive/original_model_code/run_spatial_block_validation_best_nosev_variants.py,14236,5eaf6c9a7fafc46c2739fe5963575702ccfd8e6ec16e1b015c35d696f31f4041
archive/original_model_code/run_spatial_block_validation_complete_rf.py,9317,a72e52af8221c6e9fb180ba00450abdad2e5a7829b7d99de5531d1a5a3dc0f6c
archive/original_model_code/run_spatial_block_validation_complete_rf_fast.py,8376,5c6fb31779cd37b8fb13cb6bb91838a1aaf21079eb057aba1a587f0f6715f6cc
archive/original_model_code/run_stage5b_latent_k6_followup.py,26025,a296087966c96386398b34f81864d8409870be0e06ea2bd99f10982f0a1cf201
archive/original_model_code/run_westernus_foresttype_encoding_compare.py,8194,120a2b52c4a1671a18667b77f19952af71973a2cbe56ace2edb46f6c3b1a74c0
archive/original_model_code/run_westernus_foresttype_encoding_compare_all_resilience.py,8461,1c1bbc90d1a0a0fbe6f9c02c211219dea11c1ae1fe00796406e1bc30cc02bbb5
archive/original_model_code/run_westernus_gwrf_related_pilot.py,17803,859807ab05ef9eb6e46fafb032e3d91d3f32b7434a20b8d3e57001f7265f4ace
archive/original_model_code/run_westernus_latent_regime_pca.py,10461,fbd71f33489140847c5984d1abc87a2857d5ae5bcb2608639811797ff767923b
archive/original_model_code/run_westernus_multiscale_local_rf_v2.py,16488,980def6acb25bd5caf02559cb5d2c543d1d99d31b93c02174e6b933e26bc18cd
archive/original_model_code/run_westernus_multiscale_rf_localz_round3.py,26359,783604f37ac521b4cddb659634e41dcd2486edef7c9149a5f8565fd6f27581a5
archive/original_model_code/run_westernus_multiscale_rf_residual_round2.py,53206,db71279c8b86b6cd80318067e3daa039d9b95d28f0a41a9b0546f1e02a40e80b
archive/original_model_code/run_westernus_multiscale_rf_round2.py,22473,309beeb701be17a4e072091f84487f8cea5177c587ceb5b9fc6835519252a705
archive/original_model_code/run_westernus_multiscale_rf_softmoe_round1.py,41208,931361ea4d75aa2db2a92cfd1d4607e1574831445fc2c34b06864e1fcc7e6224
archive/original_model_code/run_westernus_rf_all_evt_dummies.py,13939,5cbd510cfda229cd9d16ef4d5a9995317b044549ecdee4b56c912edd7eb38a45
archive/original_model_code/run_westernus_rf_best_nosev.py,13915,041d7870b541a471f21bb28f68e6bb1d15a39f9f344ef725f5162924b4e4b25c
archive/original_model_code/run_westernus_rf_enrichment_screen.py,15627,10c7faae020a3c3a452361f8cd817002729dc27c9c6e3b132258306067fc31b2
archive/original_model_code/run_westernus_rf_evt_fireregime.py,19992,3124da003dd2676144051158bb83ed774aacd1b797c8470549ae09b12745fc83
archive/original_model_code/run_westernus_rf_evtmask_nosev.py,13540,267534ecf630ec0d21cddcdbf43b4fbd67e383fc1a9bc2766592dbcee823296d
archive/original_model_code/run_westernus_rf_noevt_plusxy_complete_corrected.py,6463,4ab0b4dbd635c7cc5ea708b9606714728ef3d4bd4e930bcd865755a5aea1155e
archive/original_model_code/run_westernus_rf_richer_oldcoast_partial.py,6659,5edf3ae2f712414550cfb7bb336c514844b9f40cf1fe5ca79c6af10c997a811a
archive/original_model_code/run_westernus_softmoe_lisa_round1.py,41780,fa58a76291c69813f2fe0aaff333a796f5bd74bd18fbba0bca8fed1e66822af5
archive/original_model_code/tune_xgb_complete_corrected.py,7135,b73a7f8db3ea781c25621d672c145de8dddc44a8ab23a87feb27f38f802e39e8
config/mgwr_predictors.txt,196,59a0d14f93bd7349320ac0f154ff077c831d604964f4d3fc69fa692743dc54ac
data/README.md,709,6e8ceabbecf3a47117c8a756a4a42a37ed4fb73ba653eb5da9c2d6994ba032f7
data/processed/westernus_model_table.parquet,21686697,2675c4b1b24846bdc52f72b2f15f89cd086626cdfca6a654bf28bf6d9897ec7a
data/processed/westernus_model_table_schema.csv,3761,dba9462a4b3ea18cc6f26cdb0727ee8515dc3197319834ff9ea232a708d12295
data/processed/westernus_model_table_summary.json,417,b33a525585cc80aca390e7651503f97a711b38a92cc6bbf58cf4a0e6c2dea3b9
data/splits/split_metadata.json,387,d6726524256606ec7e36e331cdee34e1537db86a5c97da3cc529ac0ef8902119
data/splits/split_summary.csv,364,4b0964d9b519e14662c8190e43e01650e8b671b387590dcb3e9fc0d4c2ccb3c4
data/splits/westernus_split_assignments.parquet,1267657,db3dea2618d052762327da0cbb5b3ab961a3bab56b2abad0b52a8f779229f19c
docs/DATA_DICTIONARY.md,1838,41fd58d92e3900f64306096123cd778c00eed445b1073cd185715004c8fee3e6
docs/DATA_SOURCES.md,3842,8820586ba71f1f24280de580248af1e8b80714d4aab732b871c8dcdad40742e1
docs/RELEASE_CHECKLIST.md,1007,eaa036cd08bbb687f8745be28f6ef49f4e1961e0dcdfb4bc252ff9ddcc8988a9
docs/REPRODUCIBILITY.md,3198,5f2afaf63623d3e8095a4d92f797428e2db6274920fccc88bc7fc7016f63a98d
docs/VALIDATION.md,1567,00675cee4be5b60b31b6be2aa73400551ca7e4f8cfde8f5b5b4b2c9d71c1bbc2
environment.yml,375,b9a8ecf0c8fc1edca6f6281a55c9b91c4a3cdce41c96aab1683612fd8024cc6a
hpc/submit_block_transfer_exp_v1.sbatch,694,55db68a094a67093c8cfd82c3edc425341085b871e14970f9e074464e08d8cd2
hpc/submit_complete_sample_mgwr_xlong.sbatch,1346,d8d8cde40438e36db9d93651c09643a20fd1a9b46ce9cc10405d9b7791b060e7
hpc/submit_full_fixed_bandwidth_mgwr.sbatch,1305,a387fcb3e22c758ea353ffc3c05eea0ccedd876bdf510e9135e627b15e34653d
hpc/submit_mgwr.sbatch,609,a37000ad77317efc2abde52e0501515c72df9e99a319b1efe041bae1646defa7
hpc/submit_mgwr_stage5b_any_response.sbatch,890,cba24b09e2057ca7cd68ad5a992235439432457d86a77cfba888ab44befe626e
hpc/submit_softmoe_lisa_round1.sbatch,627,10fb04bad6d576f0bc250297bc33ca9f40454dbfecfb0590bc974bab93e74c5b
hpc/submit_westernus_gwrf_related_pilot.sbatch,1313,d596004354bc63d4d4d006e55af07c68e75763694ce7c647fb57c7540aba6c0b
hpc/submit_westernus_latent_regime_pca.sbatch,1014,18264c9ab24fb2da53636954a5c36a49e59237f77f4ed576f22e2fe718fbee6b
hpc/submit_westernus_multiscale_local_rf_v2.sbatch,1351,8b360b3a194aaccdeceed9d53140b595963d120cbff3f3f5dee351343b714def
hpc/submit_westernus_multiscale_rf_localz_round3.sbatch,1775,6a96b93606e10c6b15c3b1e421b26d405405c27b76b8185f539db046e542b6f6
hpc/submit_westernus_multiscale_rf_residual_round2.sbatch,1965,12e89796fc99d9464cf0f3fc6d9f1e27ab5e61743be544052aef81af5d6a2ca1
hpc/submit_westernus_multiscale_rf_round2.sbatch,1719,d4f908f01777c2f01ddccc9db1102838a7fbb68bdcac4d4cc4b220574a2844ab
hpc/submit_westernus_multiscale_rf_softmoe_round1.sbatch,1945,0645034246899da1ca05ff2c555333b1ecf3bd9000e6fa41c194b4c373fd99bd
hpc/submit_westernus_svc_gam.sbatch,1159,53c211c747200a6d686e14fef1ef056849f6dbd94515029de1454ad7763fd90c
provenance/raw_input_manifest.csv,1772,3cfc273bf3c294970ed144ec830e01ed1a957243d7eb0da7ebbdab4b260d810b
requirements.txt,257,79bb5f4489ab8d5700228bc8b0beea2a90426292b8156f4dd85c0a56c787d040
results/README.md,739,f60f91bc6d1015d2c38623390d69e5cca4d5c93eed6e4d8e4b0a2d25d5c068f1
results/mgwr/IRI_good_pow2/mgwr_bandwidths.csv,296,1245aa4da96a9b06648bde669108b4e3be9e914e00dde45d311ea34c5451aa9e
results/mgwr/IRI_good_pow2/mgwr_coefficients.parquet,1455553,216c823bac9d17d6ed18e6502d8ff8f2610a725cb864fc9042b52ea4ff20028a
results/mgwr/Resistance_mgwr_bandwidths.csv,306,251f6f1b8ca8b949ad4c64a07166b32a80c39a913be2d7a8475ea03bfea05cbc
results/mgwr/Resistance_mgwr_coefficients.parquet,1464343,6655cab3926a798d6b8792199017ac4bf1426f0c5b471c24851266f7faedf414
results/mgwr/STAB_good_pow2/mgwr_bandwidths.csv,295,fa01918d6dd7b4638b3bc2be2c78babcfefb8a24579ef58e13c7faf20398bd8d
results/mgwr/STAB_good_pow2/mgwr_coefficients.parquet,1455553,b708228e313a87bee7c7bcaef597e844c751e798d60e7c93ba1b501c64b2bee6
results/mgwr/complete_mgwr_model_performance.csv,424,03148669c9a3fcf1488dd35de4a9744f20e331f88b148a8c51e11e6a6fad9094
results/ols/pre_mgwr_ols_local_moran_cluster_counts.csv,208,dadf23d8719f0d8086cf609262d84ae8d4d2807eb70291fae202b33dca9baf5c
results/ols/pre_mgwr_ols_residuals.parquet,717455,687f0bfe2e994f8dfdf2cc2eed23142b1b0a506712f5713a916a4c15f8fda162
results/ols/pre_mgwr_spatial_diagnostics_summary.csv,327,9259ae5c3e0d82839a8b8ac6c23b8be97516e587e0232f345b4282106aa5f1cb
results/rf/foresttype_encoding_compare_all_resilience_metrics.csv,2508,08d33e9a0bc41295caed7758763401018e154fee435a6550fe220c2c2d45e029
results/rf/foresttype_encoding_compare_all_resilience_report.md,2586,3df14f49b9ae9d9302c989f4f7c7931e21c82f55d3f267c897e309b5cba473d2
results/zoning/constraint_zone_summary_q75.csv,1344,b8966be5e66522108a79a7945a4bb20e79821e8d3460e25941b05aa9e1867ea8
results/zoning/dominance_threshold_sensitivity.csv,762,90cbc6a519e51773f6096fca1b20e5d09a0d2b7b4acca8cd15525282a82e6aa8
results/zoning/management_zone_summary_q75.csv,1809,f9de303961106282a78e13cfb3c3ab18f47c62174c5fa50076f5abffd547110b
results/zoning/mgwr_constraint_management_zones_q75.csv,26193,32b2e252e2ee1507590c2496683ff8950fe56d0db4e5073dcbf89f3fc892e7d4
results/zoning/mgwr_constraint_management_zones_q75.gpkg,6836224,d17294db18e5ff8681a3e13424707de0dd4990bb2b49cd241a1ca548113fdd10
results/zoning/run_metadata.json,1348,89de2e5162b3fb0ce92ed0803e983e29e999e68a882fcf50c4e38149930f10ae
results/zoning/threshold_values.csv,245,1c44137e679ea49a8089075028c60de4e37856103d95591b1375659bad891e82
results/zoning/zoning_framework_v3_notes.md,1886,4eaaa007e8f85b4ad89b0b1ffc8ee0702240a14c23f2017a32b6b916fedc2880
src/models/mgwr/compute_mgwr_block_cv.py,9070,ef06f9520d5e227b86ce1722f8c0b39edbbd7bea9b7a7c663e1f10ed59071df6
src/models/mgwr/run_complete_sample_mgwr.py,13664,0a8225df5cbaae0aec210f61d634b7c20272f1ff895314ee67967140d6f0e202
src/models/mgwr/run_full_fixed_bandwidth_mgwr.py,13994,02d49a3b98a9b5ce2e0a6fc44ec2183f932a492a65915fa45ec612d2c7d3924f
src/models/mgwr/run_mgwr.py,3705,1c4045efb0f7c20edd7f99a456083598235db13cda51b7b30c1c216dd767961f
src/models/ols/run_pre_mgwr_diagnostics.py,5254,e0c36f38cee4736893b96bcbcc6844f7648c001fbeaf6ff4ed33af96dd6d9aeb
src/models/rf/run_foresttype_comparison.py,10945,526caa9a2e52f27ad49e9f2f3e7f0d9b72e296c50e35e1ebe2541b2e90497d10
src/preprocessing/describe_model_table.py,2625,372be6ad43aec7934756032b032eeb97efe8cbe05bb6898a2f2b499e7fb9f9a0
src/preprocessing/legacy/README.md,794,0d2ec8b9c872d406c1937517a26a1a5b61d5bc216b7a5b0646936641d8264404
src/preprocessing/legacy/WesternUS_RESI_u16_legacy_GEE.js,4880,f723de13537c8fd66a63060bda0edd7cacd23587f333bb218b1d8da8b1c8c7b8
src/preprocessing/legacy/append_corrected_road_trail_to_table.py,4297,77d3daf336912b5b97b1eba2d21efa7c5b05fa30867c1c00f3e61cb3e1f45de4
src/preprocessing/legacy/build_corrected_westernus_road_trail_density.py,12939,56f45cb55c4cbcc29e8e24b382a1ea6f13cf0650e3e426404bede31cb508e217
src/preprocessing/legacy/build_westernus_cbh_from_conus.py,9977,fcc0e4d5c61834ad90d41053afb54be359987818e608f1b46a1270ecd624a2ed
src/preprocessing/legacy/build_westernus_current_candidate_table.py,20006,8af552883a3bf98e60c9e7be7a2db9fe3ae2c299ead009a278296e5688fce870
src/preprocessing/legacy/build_westernus_tcc_from_gee_tiles.py,6118,95c7e169a3367c96f95b2dcb56468bc0f15d68d294bb0dc30fdca863813aba99
src/preprocessing/legacy/rebuild_westernus_response_metrics_legacy_nlcd.py,13639,a8a641a5eb5646db3721edf1bc2c23fcda95ea049566838b0f1d4b9d8e951297
src/preprocessing/prepare_mgwr_samples.py,3865,9913028e580c71399f7db99947b4e8cc9226a1d04f3c2ddfd8fca75c663df4f7
src/splits/build_split_assignments.py,7083,8f0520438648a3ba39ca2735c59c80e5792104b08b3aff7acf0ccb0e83c3d410
src/zoning/build_constraint_zones.py,29227,009a205b3db7acce12835c2abce9faf0e1aad7b72968acc38f9854e6c398c16c
src/zoning/compute_multiresponse_zoning.py,28194,0eb7dac3db9583f46e4a7dd71798a164ff94878a1b6f3e3a836712b6e33a582d
tools/build_release_manifest.py,2354,ec7e20991be64a577844542d9ae161649b24f9aa9f4d4f37c5d760b6b1c2a0b9
